Établissement,Adresse,Ville,Code Postal,Département,Note,Date Inspection
FRENCH'WICH,77 RUE DE MOUZAIA,PARIS,75019,75,A améliorer,2025-05-28
LE CALIFE,16 RUE DES GRANDS AUGUSTINS,PARIS,75006,75,A améliorer,2025-08-05
CHAMBRES D'AGRICULTURE FRANCE,9 AVENUE GEORGE V,PARIS,75008,75,A améliorer,2025-11-19
LA GRANGE,35 RUE DE LA GRANGE AUX BELLES,PARIS,75010,75,A améliorer,2025-12-03
LUTINLUNE,37 RUE DE LA REUNION,PARIS,75020,75,A améliorer,2025-11-25
SARL ANNACHI RESTAURANT,209 RUE DU FAUBOURG SAINT DENIS,PARIS,75010,75,A améliorer,2026-01-05
SUPPRIME,"6, RUE DE LA FERRONNERIE",PARIS,75001,75,A améliorer,2025-08-06
EHPAD FURTADO HEINE,5 RUE JACQUIER,PARIS,75014,75,A améliorer,2025-08-20
LE PAIN QUOTIDIEN,5 RUE DES PETITS CHAMPS,PARIS,75001,75,A améliorer,2025-10-23
AUBERGE DE BELLEVILLE,26 RUE DE BELLEVILLE,PARIS,75020,75,A améliorer,2025-11-18
LES COMPLICES,22 AVENUE CLAUDE VELLEFAUX,PARIS,75010,75,A améliorer,2025-11-18
LES COMPLICES,22 AVENUE CLAUDE VELLEFAUX,PARIS,75010,75,A améliorer,2025-11-18
GROUPE SCOLAIRE ALLIANCE RACHI,2 RUE EMILE BOREL,PARIS,75017,75,A améliorer,2025-10-24
LA ROTONDE,2 PLACE D'ESTIENNE D'ORVES,PARIS,75009,75,A améliorer,2025-11-19
KAYA CAFE,35 RUE SAINT-LAZARE,PARIS,75009,75,A améliorer,2025-11-19
JACO,9 RUE JACQUES COEUR,PARIS,75004,75,A améliorer,2025-11-19
FRESH & SPICY,101 RUE DU POTEAU,PARIS,75018,75,A améliorer,2025-11-19
EHPAD AMITIE ET PARTAGE,83 RUE DE SÈVRES,PARIS,75006,75,A améliorer,2025-12-03
GAMELLE,29 AVENUE DAUMESNIL,PARIS,75012,75,A améliorer,2026-01-08
LE PETIT LUX,29 RUE DE VAUGIRARD,PARIS,75006,75,A améliorer,2026-01-19
BOTANERO,25 RUE DU PONT AUX CHOUX,PARIS,75003,75,A améliorer,2026-02-04
RESTAURANT EMERAUDE LES ARTISTES,55 RUE DU MONTPARNASSE,PARIS,75014,75,A améliorer,2025-08-28
LAPEROUSE,49-51 QUAI DES GRANDS AUGUSTINS,PARIS,75006,75,A améliorer,2025-10-09
CAFE ETIENNE,14 RUE DE TURBIGO,PARIS,75001,75,A améliorer,2025-09-22
BIG FERNAND,8 PROMENADE CLAUDE LEVI STRAUSS,PARIS,75013,75,A améliorer,2025-03-12
GRAINE A GRANDIR,13 RUE DES RONDONNEAUX,PARIS,75020,75,A améliorer,2025-12-19
THE BUREAU,16 COURS ALBERT 1ER,PARIS,75008,75,A améliorer,2025-09-02
RESTAURANT EMERAUDE VERDUN,14 AVENUE DE VERDUN,PARIS,75010,75,A améliorer,2025-10-29
IL PADRE,6 RUE DE L' ECHELLE,PARIS,75001,75,A améliorer,2025-05-13
MADISON HOTEL,143 BOULEVARD SAINT-GERMAIN,PARIS,75006,75,A améliorer,2025-09-29
AJH EXPLOITATION,61 RUE DE SAUSSURE,PARIS,75017,75,A améliorer,2025-09-25
KANASUK,10 PLACE PAUL VERLAINE,PARIS,75013,75,A améliorer,2025-10-01
OGEC BATIGNOLLES EPINETTES,35 RUE DE SAINT OUEN,PARIS,75017,75,A améliorer,2025-09-26
VIADUC,43 AV DAUMESNIL,PARIS,75012,75,A améliorer,2025-12-22
I GREC,3 RUE MAZET,PARIS,75006,75,A améliorer,2025-03-05
MACDOUS,37 RUE DU COLISEE,PARIS,75008,75,A améliorer,2025-08-21
LE VERBALON,198 B RUE DE TOLBIAC,PARIS,75013,75,A améliorer,2025-07-29
RELAIS COCHIN PORT ROYAL MATERNITE,123 BOULEVARD DE PORT-ROYAL,PARIS,75014,75,A améliorer,2025-03-27
COS JEANNE D'ARC,21 RUE DU GENERAL BERTRAND,PARIS,75007,75,A améliorer,2025-10-20
LA BONNE FRANQUETTE,18 RUE SAINT RUSTIQUE,PARIS,75018,75,A améliorer,2026-01-21
LUANGPRA,"21, RUE DE LA ROQUETTE",PARIS,75011,75,A améliorer,2025-07-15
LE PETIT CAFE,6  RUE DESCARTES,PARIS,75005,75,A améliorer,2025-06-27
FOYER DE JEUNES TRAVAILLEURS GARE DE REUILLY,61 RUE DE LA GARE DE REUILLY,PARIS,75012,75,A améliorer,2025-05-12
GLADINES HALLES,11 BIS RUE DES HALLES,PARIS,75001,75,A améliorer,2025-12-17
LA PIRANDELLE,6 RUE PIRANDELLO,PARIS,75013,75,A améliorer,2026-01-20
COUVENT SAINT-JACQUES,20 RUE DES TANNERIES,PARIS,75013,75,A améliorer,2025-10-14
C.N.A.M.T.S.,50 AVENUE DU PROFESSEUR A. LEMIERE,PARIS,75020,75,A améliorer,2025-12-08
ASSOCIATION NOTRE-DAME DE JOYE,71 AVENUE DENFERT-ROCHEREAU,PARIS,75014,75,A améliorer,2025-09-09
LE CHERCHE-MIDI,22 RUE DU CHERCHE-MIDI,PARIS,75006,75,A améliorer,2025-07-22
LE REGALIA,"1, RUE DE LA CONVENTION",PARIS,75015,75,A améliorer,2026-02-02
LES AMIS ECOLE LAMAZOU OGEC,80 RUE BOILEAU,PARIS,75016,75,A améliorer,2025-03-11
LPB CRECHES,5 BIS RUE EMILE ALLEZ,PARIS,75017,75,A améliorer,2025-12-17
MAI TAI ONE,44 AVENUE D IVRY,PARIS,75013,75,A améliorer,2025-11-05
ESAT BERTHIER CAMP BERNARD LAFAY,7 AVENUE DE LA PORTE DE CLICHY,PARIS,75017,75,A améliorer,2025-04-08
LANCRY,81 RUE DU CHAROLAIS,PARIS,75012,75,A améliorer,2025-07-31
LE BARIBAL,186 RUE DE VAUGIRARD,PARIS,75015,75,A améliorer,2026-01-20
PAVILLON MONTSOURIS,20 RUE GAZAN,PARIS,75014,75,A améliorer,2025-11-05
LIERJIA,7 BIS AVENUE D'ITALIE,PARIS,75013,75,A améliorer,2025-08-07
LYCEE DES METIERS RASPAIL,5 AVENUE MAURICE D'OCAGNE,PARIS,75014,75,A améliorer,2025-05-16
MIAOU MIAN,14 RUE DU POT DE FER,PARIS,75005,75,A améliorer,2026-01-09
ASSANABEL,38 RUE JACOB,PARIS,75006,75,A améliorer,2025-10-02
LE PRIMEROSE,64 AVENUE DE LA MOTTE-PICQUET,PARIS,75015,75,A améliorer,2026-01-15
CAFE DU CANAL,52 RUE BICHAT,PARIS,75010,75,A améliorer,2026-01-16
COMPTOIR BROCHANT,129 AVENUE DE CLICHY,PARIS,75017,75,A améliorer,2026-01-15
LE PERE CARDINET,192 RUE CARDINET,PARIS,75017,75,A améliorer,2026-01-15
OKITO BAR,55 RUE DU FG MONTMARTRE,PARIS,75009,75,A améliorer,2025-10-06
CONGRÉGATION SAINT-JOSEPH DE CLUNY,21 RUE MÉCHAIN,PARIS,75014,75,A améliorer,2025-08-08
GIRO,1 RUE GUILLAUME TELL,PARIS,75017,75,A améliorer,2025-09-30
INST. MEDICO-PEDAGOGIQUE BELLEVILLE,162 RUE DE BELLEVILLE,PARIS,75020,75,A améliorer,2025-11-12
LEADER SUSHI,78 RUE RAMBUTEAU,PARIS,75001,75,A améliorer,2025-05-26
LE ROUGE AUX LEVRES,71 RUE DES GRANDS CHAMPS,PARIS,75020,75,A améliorer,2025-11-28
LA POSTE,6 RUE FRANCOIS BONVIN,PARIS,75015,75,A améliorer,2025-12-04
LA BELLE JULIETTE,92 Rue du Cherche Midi,PARIS,75006,75,A améliorer,2025-08-04
L'APOLLINAIRE,7 ROND-POINT DU PONT MIRABEAU,PARIS,75015,75,A améliorer,2026-02-03
SORBONNE UNIVERSITE,21 rue de l'Ecole de Médecine,PARIS,75006,75,A améliorer,2025-10-07
LE PENDULE DU PANTHEON,8 RUE D'ULM,PARIS,75005,75,A améliorer,2026-02-04
SHIKI SUSHI,5 RUE JOUBERT,PARIS,75009,75,A améliorer,2025-12-04
GLADINES BUTTE AUX CAILLES,30 RUE DES CINQ DIAMANTS,PARIS,75013,75,A améliorer,2025-12-16
SEOUL OPERA,5 RUE DANIEL CASANOVA,PARIS,75001,75,A améliorer,2025-06-03
142 CREPERIE CONTEMPORAINE,59 RUE SAINT CHARLES,PARIS,75015,75,A améliorer,2025-12-29
Madame Brasserie,6 avenue Gustave Eiffel,PARIS,75007,75,A améliorer,2026-02-09
SAINT GERMAIN MANDARIN,6 RUE DE MONTFAUCON,PARIS,75006,75,A améliorer,2025-10-15
GOLDEN FRIED CHICKEN (GFC),2 RUE DE PATAY,PARIS,75013,75,A améliorer,2025-07-15
BOSPHORE,11 RUE DU HUIT MAI 1945,PARIS,75010,75,A améliorer,2025-09-19
MEI KO,"27, RUE DU BOULOI",PARIS,75001,75,A améliorer,2025-12-30
MEILAN,65 BOULEVARD SAINT-MARCEL,PARIS,75013,75,A améliorer,2026-02-05
LES 3 BONHEURS,104 AVENUE DE CHOISY,PARIS,75013,75,A améliorer,2025-10-09
LA CHOPE,69 PLACE DE LA REUNION,PARIS,75020,75,A améliorer,2026-02-04
THAI AT HOME,44 RUE DES MOINES,PARIS,75017,75,A améliorer,2026-01-15
MEALY PARIS,17 BOULEVARD MONTMARTRE,PARIS,75002,75,A améliorer,2026-01-22
CMP PICOT,6 RUE PICOT,PARIS,75116,75,A améliorer,2025-10-20
LE BISTROT DU PARISIEN,31 RUE PELLEPORT,PARIS,75020,75,A améliorer,2026-01-13
PIACERE PIZZA,81 RUE BOBILLOT,PARIS,75013,75,A améliorer,2025-10-30
THE BUREAU,28 Cours Albert Ier,PARIS,75008,75,A améliorer,2025-09-03
LE COCHON A L'OREILLE,15 RUE MONTMARTRE,PARIS,75001,75,A améliorer,2026-01-14
RESTAURANT SOCIAL SANTEUIL,8 RUE SANTEUIL,PARIS,75005,75,A améliorer,2025-07-17
FRANCO VIET & CO BT,16 AVENUE FELIX FAURE,PARIS,75015,75,A améliorer,2025-10-22
BAT PETITE ENFANCE,8 VILLA SAINT FARGEAU,PARIS,75020,75,A améliorer,2025-11-20
LA MERE CATHERINE,6 PLACE DU TERTRE,PARIS,75018,75,A améliorer,2026-01-21
ZEN,8 RUE DE L' ECHELLE,PARIS,75001,75,A améliorer,2025-06-30
ZAPI,58 RUE JEAN-JACQUES ROUSSEAU,PARIS,75001,75,A améliorer,2025-07-02
BETH SEFER YAD MORDEKHAI,145 RUE SAINT MAUR,PARIS,75011,75,A améliorer,2025-10-28
LOUIS BLERIOT,7 AV DE VERSAILLES,PARIS,75016,75,A améliorer,2026-01-21
INDIANA CAFE,2 PLACE GAMBETTTA,PARIS,75020,75,A améliorer,2026-01-09
ASS ECOLE DE CHAILLOT,19 BIS RUE CLEMENT MAROT,PARIS,75008,75,A améliorer,2025-11-26
L AS DE TREFLE,12 RUE COQUILLIERE,PARIS,75001,75,A améliorer,2025-08-28
OH SUSHI,99 RUE DE LA GLACIERE,PARIS,75013,75,A améliorer,2025-03-26
EHPAD MAISON SAINT-AUGUSTIN,68 RUE DES PLANTES,PARIS,75014,75,A améliorer,2025-04-08
TSE YANG,25  AVENUE  PIERRE 1ER DE SERBIE,PARIS,75016,75,A améliorer,2025-12-17
SHIFU,43 RUE DE CHAILLOT,PARIS,75016,75,A améliorer,2025-12-10
ECOLE PRIMAIRE PUBLIQUE,10 RUE SÉVERO,PARIS,75014,75,A améliorer,2025-11-12
LE PLOMB DU CANTAL ZOLA,99 RUE DU THEATRE,PARIS,75015,75,A améliorer,2025-12-17
POULARDE SAINT HONORE,23 RUE DES MARTYRS,PARIS,75009,75,A améliorer,2025-12-22
SAS DCI,27 RUE DE LA POMPE,PARIS,75116,75,A améliorer,2025-05-02
LEVEN,110 RUE MONTMARTRE,PARIS,75002,75,A améliorer,2025-12-12
LUKS KEBAB,38 RUE DE LA GRANGE AUX BELLES,PARIS,75010,75,A améliorer,2025-12-24
ABSOLU CAFE,99 RUE LA BOETIE,PARIS,75008,75,A améliorer,2025-12-22
TRANTRANZAI,23 RUE DU FAUBOURG SAINT-DENIS,PARIS,75010,75,A améliorer,2025-11-19
CAFE MADEMOISELLE,"21, RUE DUPHOT",PARIS,75001,75,A améliorer,2026-02-03
RESTAURANT CHEZ ALEX WENZHOU,24 RUE DE BELLEVILLE,PARIS,75020,75,A améliorer,2025-04-18
13 MENTHE BASILIC,13 MENTHE BASILIC,PARIS,75009,75,A améliorer,2025-11-19
MIAN GUAN,34 RUE DE BELLEVILLE,PARIS,75020,75,A améliorer,2026-01-14
LE GRAND BAIN,14 RUE DENOYEZ,PARIS,75020,75,A améliorer,2025-11-12
SARL DM EXPERIENCES,121 RUE DE ROME,PARIS,75017,75,A améliorer,2025-06-11
ATA DRAKAT,1 RUE VICQ D'AZIR,PARIS,75010,75,A améliorer,2025-12-03
LE DAHLIA,5 RUE JOUBERT,PARIS,75009,75,A améliorer,2025-12-01
FEDERATION APAJH,48 RUE GILBERT CESBRON,PARIS,75017,75,A améliorer,2025-12-24
ECOLE LUCIEN DE HIRSCH,70  AVENUE SECRETAN,PARIS,75019,75,A améliorer,2025-09-29
LE TIR BOUCHON,40 RUE DE BERRI,PARIS,75008,75,A améliorer,2026-01-27
BISTROT DARSY,12 RUE VICTOR LETALLE,PARIS,75020,75,A améliorer,2026-01-23
DAROCO,6 RUE VIVIENNE,PARIS,75002,75,A améliorer,2026-01-26
CIRCUS,204 RUE DE TOLBIAC,PARIS,75013,75,A améliorer,2025-10-30
LA CANTINE DE BELLEVILLE,108 BOULEVARD DE BELLEVILLE,PARIS,75020,75,A améliorer,2026-01-23
DIMITRIS,27 RUE RAMBUTEAU,PARIS,75004,75,A améliorer,2026-02-09
MARLOE,12 RUE DU COMMANDANT RIVIERE,PARIS,75008,75,A améliorer,2026-01-20
LA CITE DU HOTPOT & SUSHI,54 AVENUE DE FRANCE,PARIS,75013,75,A améliorer,2026-01-28
BABY BAO,7 RUE SAINT-AUGUSTIN,PARIS,75002,75,A améliorer,2026-01-16
BORIA,43 RUE DU CHATEAU DES RENTIERS,PARIS,75013,75,A améliorer,2025-06-11
LE MANDARIN,5 RUE DE MONTFAUCON,PARIS,75006,75,A améliorer,2025-05-21
NOUS4,3 RUE BECCARIA,PARIS,75012,75,A améliorer,2026-01-28
RIGOLETTO,337 RUE DE BELLEVILLE,PARIS,75019,75,A améliorer,2025-12-04
MONTPARNASSE CAFE,24 AVENUE DU MAINE,PARIS,75015,75,A améliorer,2025-10-15
ECOLE ELEMENTAIRE,"98/100, avenue de la République",PARIS,75011,75,A améliorer,2025-11-12
CHEZ VONG,10 RUE DE LA GRANDE TRUANDERIE,PARIS,75001,75,A améliorer,2025-05-21
BRASSERIE GISELE,36 RUE DE TURENNE,PARIS,75003,75,A améliorer,2026-01-15
LYCEE POLYVALENT JEAN LURCAT,48 AVENUE DES GOBELINS,PARIS,75013,75,A améliorer,2025-03-14
COMPAGNIE FILLES CHARITE ST VINCENT PAUL,140 RUE DU BAC,PARIS,75007,75,A améliorer,2025-10-22
ENCORE UN BOL,123 BD MASSENA,PARIS,75013,75,A améliorer,2026-01-28
LE CLOU DE PARIS,1 RUE DANTON,PARIS,75006,75,A améliorer,2025-05-19
TILAL,74 RUE RAMBUTEAU,PARIS,75001,75,A améliorer,2025-05-15
CHEZ ZEYNA,10 RUE DOUDEAUVILLE,PARIS,75018,75,A améliorer,2026-02-03
BORIE ET FILS,122 RUE DE RENNES,PARIS,75006,75,A améliorer,2025-06-16
JAJA,3 RUE STE CRX DE LA BRETONNERIE,PARIS,75004,75,A améliorer,2026-02-05
NOURA MARCEAU,27 AVENUE MARCEAU,PARIS,75016,75,A améliorer,2026-01-13
PARIS HANOI,74 RUE DE CHARONNE,PARIS,75011,75,A améliorer,2026-02-02
BOZEN,22 RUE FREYCINET,PARIS,75116,75,A améliorer,2026-01-19
CHEZ GUDULE,58 BOULEVARD DE PICPUS,PARIS,75012,75,A améliorer,2026-01-26
VENTRUS AVEC VUE,Parc de la Villette,PARIS,75019,75,A améliorer,2025-03-12
TESORO D'ITALIA,65 BD ST MARCEL,PARIS,75013,75,A améliorer,2026-02-05
DIZIEME - LA SIFFLOTTE,22 RUE DE MAZAGRAN,PARIS,75010,75,A améliorer,2025-11-19
LES FONTAINES,219 AVENUE DE VERSAILLES,PARIS,75016,75,A améliorer,2025-10-16
L'HORIZON,120 RUE DE RENNES,PARIS,75006,75,A améliorer,2025-06-16
KORIAN - RÉSIDENCE BRUNE,117 BOULEVARD BRUNE,PARIS,75014,75,A améliorer,2025-08-21
CITES CARITAS,6 RUE DE LA COMETE,PARIS,75007,75,A améliorer,2026-01-05
AU DARZIN,27 RUE PIERRE MAUROY,PARIS,75018,75,A améliorer,2025-05-09
CIAL,"16, RUE MONDETOUR",PARIS,75001,75,A améliorer,2025-05-20
GUMBO-YAYA,3 RUE CHARLES ROBIN,PARIS,75010,75,A améliorer,2025-10-31
LE BOSQUET,96 ROUTE DE LA PYRAMIDE,PARIS,75012,75,A corriger de manière urgente,2025-10-16
CHEZ LIQI,33 RUE CHANEZ,PARIS,75016,75,A corriger de manière urgente,2026-02-03
FARAMAREEN RESTAURANT - WELCOME AFRICA EAT,76 B RUE DUHESME,PARIS,75018,75,A corriger de manière urgente,2025-12-11
RESTAURANT PIZZA DI NAPOLI,"31, BOULEVARD DE GRENELLE",PARIS,75015,75,A corriger de manière urgente,2025-12-03
Restaurant Ethiopa,89 RUE DU CHEMIN VERT,PARIS,75011,75,A corriger de manière urgente,2026-02-04
EAT AFRICA,13 RUE DE SUEZ,PARIS,75018,75,A corriger de manière urgente,2026-01-08
LA CANTINE DES HOMMES LIBRES,6 RUE DES MARONITES,PARIS,75020,75,A corriger de manière urgente,2026-01-20
L'ASSIETTE AUX FROMAGES,25 RUE  MOUFFETARD,PARIS,75005,75,A corriger de manière urgente,2025-09-15
GRAND MERE LOUISE,51 RUE DE LA HARPE,PARIS,75005,75,A corriger de manière urgente,2025-04-22
NONNA,90 BOULEVARD DE BELLEVILLE,PARIS,75020,75,A corriger de manière urgente,2025-04-16
BAYTI,27 RUE DANIELLE CASANOVA,PARIS 1,75001,75,A améliorer,2025-06-02
LEO ET THEO,33 RUE BERGER,PARIS 1,75001,75,A améliorer,2025-11-04
OMAR DHIAB,23 RUE HEROLD,PARIS 1,75001,75,A améliorer,2026-01-21
L'AS DE TREFLE,12 RUE COQUILLIERE,PARIS 1,75001,75,A améliorer,2026-01-13
PACKIAMS,72 BD DE STRASBOURG,PARIS 10,75010,75,A améliorer,2026-01-13
L'INDIEN,5 RUE OBERKAMPF,PARIS 11,75011,75,A améliorer,2026-01-23
SEOUL LAB,91 RUE AMELOT,PARIS 11,75011,75,A améliorer,2026-01-23
THE SMOKED MEAT,17 RUE SEDAINE,PARIS 11,75011,75,A améliorer,2025-12-15
LITTLE VIETNAM,31 B RUE DES PEUPLIERS,PARIS 13,75013,75,A améliorer,2025-11-20
SWEETEA'S,109 AV D IVRY,PARIS 13,75013,75,A améliorer,2025-03-05
MICRO CRECHE BEBE NATURE,127 AV D'ITALIE,PARIS 13,75013,75,A améliorer,2025-07-22
AS FOOD,17 RUE FRANCOISE DOLTO,PARIS 13,75013,75,A améliorer,2025-03-25
SHINJUKU,161 BD AUGUSTE BLANQUI,PARIS 13,75013,75,A améliorer,2026-01-05
SPICY WORLD FRANCE,30 AV D'ITALIE,PARIS 13,75013,75,A améliorer,2025-10-22
LE MAHARAJA,27 AV REILLE,PARIS 14,75014,75,A améliorer,2025-11-05
CHEZ MAURICE,2 RUE BOULARD,PARIS 14,75014,75,A améliorer,2025-09-12
RAMEN WANG,20 RUE DES PLANTES,PARIS 14,75014,75,A améliorer,2026-01-09
KOSSAIDI,62 RUE DU MONTPARNASSE,PARIS 14,75014,75,A améliorer,2025-06-13
LES 3 GARCONS,165 RUE DE JAVEL,PARIS 15,75015,75,A améliorer,2026-01-27
HOTEL SAPHIR GRENELLE,10 RUE DU COMMERCE,PARIS 15,75015,75,A améliorer,2026-01-21
LE PETIT SAINT-CLOUD,2 PL LEON DEUBEL,PARIS 16,75016,75,A améliorer,2025-11-05
LE FIRENZE,30 AV DE VERSAILLES,PARIS 16,75016,75,A améliorer,2026-01-12
LES NATURISTES,50 RUE RAMEY,PARIS 18,75018,75,A améliorer,2026-02-05
RM,102 RUE DU POTEAU,PARIS 18,75018,75,A améliorer,2025-11-19
LA BOHEME MONTMARTRE,3 RUE DU MONT CENIS,PARIS 18,75018,75,A améliorer,2026-01-21
CAFE KRAFT,23 AVENUE SIMON BOLIVAR,PARIS 19,75019,75,A améliorer,2025-08-27
BAR TAPAS CHEZ PRADA,18 RUE EUGENE JUMIN,PARIS 19,75019,75,A améliorer,2025-12-04
AUX OURS,236 RUE DES PYRENEES,PARIS 20,75020,75,A améliorer,2025-12-03
LE REFUGE,107 RUE DE MENILMONTANT,PARIS 20,75020,75,A améliorer,2025-12-09
FRESH NOODLES,60 RUE RAMBUTEAU,PARIS 3,75003,75,A améliorer,2026-02-02
RAVIOLIS QUEEN,13 RUE DE LA MONTAGNE SAINTE-GENEVIEVE,PARIS 5,75005,75,A améliorer,2025-09-22
TRANTRANYUE,47 BD DU MONTPARNASSE,PARIS 6,75006,75,A améliorer,2026-01-12
CHEZ JANNY,27 RUE AUGEREAU,PARIS 7,75007,75,A améliorer,2026-01-28
RIVIERA FUGA,10 PORT DES INVALIDES,PARIS 7,75007,75,A améliorer,2025-09-17
The Bilingual Montessori School of Paris - George V,23 AVENUE GEORGE V,PARIS 8,75008,75,A améliorer,2025-06-23
LA MASCOTTE,6 AV DU PRESIDENT WILSON,PARIS 8,75008,75,A améliorer,2025-07-17
LA LOCANDA,27 B AVENUE FRANKLIN ROOSEVELT,AVON,77210,77,A améliorer,2025-06-25
LEOPARD,3 RUE GUSTAVE EIFFEL,BRIE-COMTE-ROBERT,77170,77,A améliorer,2026-01-28
LE CARRE D'OR,10 PLACE DE LA REPUBLIQUE,CHATEAU-LANDON,77570,77,A améliorer,2026-01-21
CASA NOVA,182 RUE DU TIR,CHELLES,77500,77,A améliorer,2025-12-23
MA.SU,7 RUE DENECOURT,FONTAINEBLEAU,77300,77,A améliorer,2026-01-27
LE CYRANO,2 AVENUE DE VERDUN,FONTENAY TRESIGNY,77610,77,A améliorer,2025-04-08
LE CAMELEON,18 RUE DE L'EGLISE,HERICY,77850,77,A améliorer,2026-01-14
LA MAMMA,22 RUE DE PARIS,LA FERTE GAUCHER,77320,77,A corriger de manière urgente,2025-06-26
INSTITUT MEDICO - EDUCATIF,4 RUE DES PETITS CHAMPS,LE CHATELET EN BRIE,77820,77,A améliorer,2026-01-15
KCOOK,3 ALLEE DU PREAMBULE,LIEUSAINT,77127,77,A améliorer,2026-01-30
CHEZ LOULOU,1 AV THIERS,MELUN,77000,77,A améliorer,2025-12-02
LE SENTIER,10 RUE LOUIS BEAUNIER,MELUN,77000,77,A améliorer,2025-12-16
JSBOBUN,16 rue des Frères Lumières,MITRY MORY,77290,77,A corriger de manière urgente,2026-02-04
PIZZA FAMILY,1 AV DU GENERAL DE GAULLE,MONTEREAU FAULT YONNE,77130,77,A améliorer,2025-04-16
A.K.M,1 RUE D'ARQUEIL,NANDY,77176,77,A améliorer,2025-10-15
S&J AFRICA RESTAURANT,5 RUE ARISTIDE BRIAND,NANGIS,77370,77,A améliorer,2025-10-22
LYCEE POLYVALENT ETIENNE BEZOUT,31 AVENUE ETIENNE DAILLY,NEMOURS,77140,77,A améliorer,2025-11-25
CHICKEN NAN,8 PL ROGER NICOLAS,OZOIR LA FERRIERE,77330,77,A améliorer,2025-08-01
COSTCO WHOLESALE,35 RTE DE PARIS,PONTAULT-COMBAULT,77340,77,A améliorer,2025-07-16
MALIKA,63 GRANDE RUE,PONTCARRE,77135,77,A améliorer,2025-03-26
RUSTICANA,16 B AVENUE DE FONTAINEBLEAU,SAINT-FARGEAU-PONTHIERRY,77310,77,A améliorer,2025-11-26
AUM CAFFE,17 quai de la République,SAMOIS SUR SEINE,77920,77,A améliorer,2026-02-10
EVEREST SWAD,1 PROM DU 7 EME ART,TORCY,77200,77,A améliorer,2025-06-26
SAS NAIA,36 RUE DE PARIS,TORCY,77200,77,A améliorer,2025-03-07
SCOUTS ET GUIDES DE FRANCE,25 rue des trembles,VARENNES SUR SEINE,77130,77,A améliorer,2025-08-14
SANGHAI GOURMET,SANGHAI GOURMET,VARENNES SUR SEINE,77130,77,A corriger de manière urgente,2025-06-10
CHICKEN BROTHERS,112 RTE DE NANGIS,VAUX-LE-PENIL,77000,77,A améliorer,2026-01-22
ASSOCIATION PETITS PATOCHES,14 RUE DES PLATANES,VILLEPARISIS,77270,77,A améliorer,2026-01-27
PIZZA NOVA,16 RUE GRANDE,VOULX,77940,77,A améliorer,2026-02-04
MESAHLIA,46 BOULEVARD NOEL MARC,ANDRESY,78570,78,A améliorer,2025-11-20
DI NAPOLI PIZZA,5 PL DE L EGLISE,AUBERGENVILLE,78410,78,A améliorer,2025-04-15
CENTRE HOSPITALIER PRIVE DU MONTGARDE,32 RUE DE MONTGARDE,AUBERGENVILLE,78410,78,A améliorer,2026-01-08
EKILIBRE,7 RUE DES VIEILLES GRANGES,AUBERGENVILLE,78410,78,A améliorer,2026-01-12
ARJUN,CENTRE COMMERCIAL DE LA PETITE MAULDRE,BEYNES,78650,78,A améliorer,2025-09-03
CHEZ TCHEN,CHEZ TCHEN,BONNIERES SUR SEINE,78270,78,A améliorer,2025-09-24
DREAM KIDS,1 RUE DES GAMELINES,BUCHELAY,78200,78,A améliorer,2025-11-19
MISS KEBAB,1 RUE DU TARN,BUCHELAY,78200,78,A améliorer,2026-01-26
O'IBERICO,7 AVENUE DU MARECHAL FOCH,CHATOU,78400,78,A améliorer,2026-01-22
DOLIA NOVA,2 AV DU VALON,CHAVENAY,78450,78,A améliorer,2025-12-05
CASA DEL PIZZA,14 RUE LALANDE,CHEVREUSE,78460,78,A améliorer,2025-10-30
CASA DEL PIZZA,14 RUE LALANDE,CHEVREUSE,78460,78,A améliorer,2025-08-27
HOME BURGER,45 ROUTE NATIONALE 10,COIGNIERES,78310,78,A améliorer,2025-10-23
ISTANBUL 63,2 RUE AUGUSTE ROMAGNE,CONFLANS STE HONORINE,78700,78,A améliorer,2026-02-06
PALAIS RAFFINE AFRICAIN,2 AVENUE PAUL CEZANNE,ELANCOURT,78990,78,A améliorer,2025-12-17
OH DES CREPES,61 ROUTE DE TRAPPES,ELANCOURT,78990,78,A corriger de manière urgente,2026-01-16
L'OPPORTHYM,L'OPPORTHYM,GAMBAIS,78950,78,A améliorer,2025-10-24
AUBERGE DU CHASSEUR,1 RTE DE LA SURIE,GROSROUVRE,78490,78,A améliorer,2025-10-30
LE BISTRO GOURMAND,7 RTE DU PONTEL,JOUARS PONTCHARTRAIN,78760,78,A améliorer,2025-10-30
LE BISTROT DES METZ,67 RUE ALBERT CALMETTE,JOUY-EN-JOSAS,78350,78,A améliorer,2025-11-17
COLLEGE VICTOR HUGO,"52, avenue des Etangs",LA CELLE ST CLOUD,78170,78,A améliorer,2026-02-03
LES GARNEMENTS,17 RUE NATIONALE,LA QUEUE-LES-YVELINES,78940,78,A améliorer,2025-12-04
KORIAN VILLA SAINT ANTOINE,14  BD  ST ANTOINE,LE CHESNAY ROCQUENCOURT,78150,78,A améliorer,2026-02-02
MAISON DE RETRAITE  CHAMPSFLEUR,5  AV  DE LA REPUBLIQUE,LE MESNIL LE ROI,78600,78,A améliorer,2026-01-19
PAVILLON DES IBIS,ILE DES IBIS,LE VESINET,78110,78,A améliorer,2025-12-11
DOMINO'S PIZZA,80 AV HENRI BARBUSSE,LES CLAYES SOUS BOIS,78340,78,A améliorer,2026-01-13
PHUKET WOK,121 RUE PAUL DOUMER,LES MUREAUX,78130,78,A améliorer,2025-10-24
DIVAN SOLEIL,54 rue Nationale,LIMAY,78520,78,A améliorer,2026-02-03
LARS TRAITEUR,"2, Rue Amédée Gordini",MAGNY LES HAMEAUX,78114,78,A améliorer,2025-12-08
SANTA MONICA,L B A,MAISONS LAFFITTE,78600,78,A améliorer,2026-01-21
LE BELVEDERE,"23 bis, avenue Eglé",MAISONS LAFFITTE,78600,78,A améliorer,2026-01-15
O BARADISE,36 AV DE LA REPUBLIQUE,MANTES LA JOLIE,78200,78,A améliorer,2025-11-06
LE MANDARIN,11 BOULEVARD DU MARECHAL JUIN,MANTES LA JOLIE,78200,78,A améliorer,2025-11-27
LE JARDIN DE SADE,36 RUE PORTE AUX SAINTS,MANTES LA JOLIE,78200,78,A améliorer,2025-11-10
LYCEE GEN ET TECHNOLOGIQUE SAINT EXUPERY,"8, rue Marcel Fouque",MANTES LA JOLIE,78200,78,A améliorer,2025-12-08
FOOD STATION MLV,82 BD ROGER SALENGRO,MANTES LA VILLE,78711,78,A améliorer,2025-10-16
SAVEURS GOURMANDES,46 BD ROGER SALENGRO,MANTES LA VILLE,78711,78,A améliorer,2025-05-15
LA BONNE ASSIETTE,9 RUE GAMBETTA,MANTES-LA-JOLIE,78200,78,A améliorer,2025-10-30
TRISAPORI,17 RUE PORTE AUX SAINTS,MANTES-LA-JOLIE,78200,78,A améliorer,2025-11-19
MAI-TAI,2 RUE CONRAD KILIAN,MANTES-LA-JOLIE,78200,78,A améliorer,2025-12-11
PG PIZZA GOURMANDE,36 BD ROGER SALENGRO,MANTES-LA-VILLE,78711,78,A améliorer,2025-09-29
KING PIZZA,3 RTE DE HOUDAN,MANTES-LA-VILLE,78711,78,A améliorer,2026-01-30
CHICKEN RICE,51 BD ROGER SALENGRO,MANTES-LA-VILLE,78711,78,A améliorer,2025-10-16
L'INSTANT GOURMAND,5 RUE DE LA MONTJOIE,MAREIL-MARLY,78750,78,A améliorer,2025-11-04
COTTAGE,7 B GDE RUE,MARLY LE ROI,78160,78,A améliorer,2025-10-02
H.L.S.,22 RUE QUINCAMPOIX,MAULE,78580,78,A améliorer,2025-03-12
BABAGEE,41 RUE DE PONTOISE,MAURECOURT,78780,78,A améliorer,2025-12-12
LE VILLAGE,17 RUE DE COIGNIERES,MAUREPAS,78310,78,A améliorer,2025-11-18
APAR EVENTS,33 AV DU MANET,MONTIGNY-LE-BRETONNEUX,78180,78,A améliorer,2025-11-27
LA PINTA,116 AVENUE DU 19 MARS 1962,PLAISIR,78370,78,A améliorer,2026-01-27
BURGER DPC,5 AV MAURICE BERTEAUX,POISSY,78300,78,A améliorer,2025-11-20
POKE BOA,14 RUE DE LA GARE,POISSY,78300,78,A améliorer,2025-09-09
LE BLEU SAIGNANT,5 BOULEVARD DE LA PAIX,POISSY,78300,78,A améliorer,2025-12-09
TONTON KEBAB,22 RUE RAYMOND PATENOTRE,RAMBOUILLET,78120,78,A améliorer,2026-01-21
VIVA TRAITEUR D ASIE,6 RUE DU PETIT PARC,RAMBOUILLET,78120,78,A améliorer,2026-01-08
TACOS BURGER KEBAB,35 PL FELIX FAURE,RAMBOUILLET,78120,78,A améliorer,2026-01-21
HOKKAIDO,22 RUE RAYMOND POINCARE,RAMBOUILLET,78120,78,A améliorer,2026-01-19
STOP BAR RESTAURANT,1 RUE HENRI PIERSEN,SARTROUVILLE,78500,78,A améliorer,2025-09-17
COURS PRIVE DU CHATEAU,43 RUE DE STALINGRAD,SARTROUVILLE,78500,78,A améliorer,2026-01-13
JARDON WILFRID,Carrefour des 6 chiens - route des Loges,ST GERMAIN EN LAYE,78100,78,A améliorer,2025-07-22
OURS NOIR - BRASSERIE ALSACIENNE,"Carrefour des 6 chiens, Route des Loges",ST GERMAIN EN LAYE,78100,78,A améliorer,2025-07-22
UN REVE DE FETES,"Carrefour des 6 chiens, Route des Loges",ST GERMAIN EN LAYE,78100,78,A améliorer,2025-07-22
TRAPANIA,2 AVENUE DE LA BOISSIERE,TRAPPES,78190,78,A améliorer,2025-11-27
FOOD78,1 RUE LOUIS AUGUSTE BLANQUI,TRAPPES,78190,78,A améliorer,2025-06-10
LE GINETTE,5 PLACE CHAROST,VERSAILLES,78000,78,A améliorer,2025-11-25
HOTEL LE LOUIS VERSAILLES CHATEAU MGALLERY,2 B AV DE PARIS,VERSAILLES,78000,78,A améliorer,2026-02-02
LE CAMTAR,21 Q RUE JACQUES CARTIER,VOISINS LE BRETONNEUX,78960,78,A améliorer,2025-07-29
DI NAPOLI,1 RUE DE LA GARE,ANGERVILLE,91670,91,A améliorer,2025-07-24
LES GRANGES,139 AV DE MORANGIS,ATHIS MONS,91200,91,A améliorer,2025-03-28
DE LA ROSA 91,7 PL DE L EGLISE,ATHIS MONS,91200,91,A améliorer,2025-12-05
ROYAL BALLAINVILLIERS,Lotissement les Berges Route de Chasse de Rouillon,BALLAINVILLIERS,91160,91,A corriger de manière urgente,2025-12-12
ESAT LES ATELIERS DU VIEUX CHATRES ANTEN,ZAC de Maison Neuve,BRETIGNY SUR ORGE,91220,91,A améliorer,2026-01-08
COALLIA,4 RUE DE LA TOURNEE,BREUILLET,91650,91,A améliorer,2025-07-25
PIZZA NANA,CENTRE COMMERCIAL PORT SUD,BREUILLET,91650,91,A améliorer,2025-12-18
FONDATION GUTIERREZ DE ESTRADA,28 Av de Bellevue,BRUNOY,91800,91,A améliorer,2025-08-18
LA PETITE TAVERNE,LA PETITE TAVERNE,BRUNOY,91800,91,A améliorer,2025-07-15
LA PETITE PANELA,7 RUE DU CHATEAU,BURES SUR YVETTE,91440,91,A améliorer,2025-04-11
LE FONTENOY,27 AV DU MARECHAL FOCH,BURES-SUR-YVETTE,91440,91,A corriger de manière urgente,2025-04-09
Résidence Louis PASTEUR,7 AVENUE MAZARIN,CHILLY MAZARIN,91380,91,A améliorer,2026-01-16
CEFALU,2 RUE DE LA PECHERIE,CORBEIL-ESSONNES,91100,91,A améliorer,2025-12-10
ANATOLIE RESTAURANT,2 RUE NOTRE DAME,CORBEIL-ESSONNES,91100,91,A améliorer,2025-12-12
NATURE PIZZA,85 BOULEVARD JOHN KENNEDY,CORBEIL-ESSONNES,91100,91,A améliorer,2025-12-16
LE KIOSQUE À PIZZAS,22 AV D'ARPAJON,EGLY,91520,91,A améliorer,2025-12-16
RESTAURANT ISTANBUL,16 RUE DE LA TANNERIE,ETAMPES,91150,91,A améliorer,2025-12-29
SPEACE 246,12 RUE GEORGES BRASSENS,EVRY,91000,91,A améliorer,2025-11-25
AZALER,20 COURS BLAISE PASCAL,EVRY,91000,91,A améliorer,2025-11-26
GREEN MANGO,24 CRS BLAISE PASCAL,EVRY-COURCOURONNES,91000,91,A améliorer,2025-11-26
B.Street,CTRE COMMERCIAL REGIONAL EVRY 2,EVRY-COURCOURONNES,91000,91,A améliorer,2025-06-13
OBRIGADO RODIZIO,2 BD DE L EUROPE -V G D ESTAING,EVRY-COURCOURONNES,91000,91,A améliorer,2026-01-12
PACIFIC GROUP 91,37 RUE DU HUREPOIX,FLEURY-MEROGIS,91700,91,A corriger de manière urgente,2025-11-24
LA STELLA,7 PLACE DU MARCHE NEUF,GIF SUR YVETTE,91190,91,A améliorer,2025-04-11
LULU LA FRITE,9 SQ DE LA MAIRIE,GIF-SUR-YVETTE,91190,91,A corriger de manière urgente,2025-06-03
CREPUSCULE,5 AVENUE DU BERRY,LES ULIS,91940,91,A améliorer,2025-09-17
DELICES ALRAWAS,1 AV DE NORMANDIE,LES ULIS,91940,91,A améliorer,2025-12-12
PRORESTO LES ULIS,124 AVENUE DES CHAMPS LASNIERS,LES ULIS,91940,91,A corriger de manière urgente,2025-09-17
SUCRE SALE,44 RUE PRESIDENT FRANCOIS MITTERRAND,LONGJUMEAU,91160,91,A améliorer,2026-01-08
BARNS,3 RUE SEBASTIENNE GUYOT,MARCOUSSIS,91460,91,A améliorer,2025-07-17
FOOD'S FACTORY,47 BD CHARLES DE GAULLE,MENNECY,91540,91,A améliorer,2025-03-20
NEW FREEWOK,3 RUE LAVOISIER,MENNECY,91540,91,A améliorer,2025-03-18
LA BRASSERIE DES O PIGNONS,55 PL DU MARCHE,MILLY-LA-FORET,91490,91,A corriger de manière urgente,2025-08-27
BABA BEEF,ZONE ACTIVIT MAURICE GARIN,MONTGERON,91230,91,A améliorer,2025-09-16
CAFE DE LA MAIRIE MASSARO GIONFRANCO,54 AV DE LA REPUBLIQUE,MONTGERON,91230,91,A améliorer,2025-12-09
LA SCALA,133 AV DE LA REPUBLIQUE,MONTGERON,91230,91,A améliorer,2025-12-12
CENTRE FORMATION APPRENTIS,45 RUE D ARTONDU,ORMOY LA RIVIERE,91150,91,A améliorer,2026-01-20
DI NAPOLI,50 RUE DE LA FERME,ORSAY,91400,91,A améliorer,2025-10-24
LA GNOCCHISERIE,68 RUE DE PARIS,PALAISEAU,91120,91,A améliorer,2025-10-10
MISTERMAKI,6 PASSAGE PASTEUR,PALAISEAU,91120,91,A améliorer,2025-10-14
MALCATA,72 RUE DE PARIS,PALAISEAU,91120,91,A améliorer,2026-01-08
MILANO PIZZA,20 AV GEORGE SAND,RIS ORANGIS,91130,91,A améliorer,2025-04-03
ENJOY TACOS,26 RUE ALBERT REMY,RIS-ORANGIS,91130,91,A améliorer,2026-01-21
VIA PIZZA,RUE BOIELDIEU,SAINT-MICHEL-SUR-ORGE,91240,91,A améliorer,2025-12-22
LE KIN DI THAI,5 AVENUE SAINT SAENS,SAINT-MICHEL-SUR-ORGE,91240,91,A améliorer,2025-12-23
L'ABSOLU,259 AV GABRIEL PERI,SAINTE GENEVIEVE DES BOIS,91700,91,A améliorer,2025-11-04
ASIAN TIME,90 RTE DE CORBEIL,SAINTE-GENEVIEVE-DES-BOIS,91700,91,A améliorer,2026-01-06
PIZZA HOUSE,82 AV DU REGIMENT NORMANDIE NIEMEN,SAINTE-GENEVIEVE-DES-BOIS,91700,91,A améliorer,2026-01-29
LE DISQUE BLEU,207 AVENUE GABRIEL PERI,SAINTE-GENEVIEVE-DES-BOIS,91700,91,A améliorer,2026-01-15
O BUNS,212 RTE DE CORBEIL,SAINTE-GENEVIEVE-DES-BOIS,91700,91,A améliorer,2026-01-20
LE PETIT LOUIS,4 RUE DE L'ARPAJONNAIS,SAULX LES CHARTREUX,91160,91,A améliorer,2026-02-03
CENTRE DE FORMATION D'APPRENTIS,1 PLACE MONGE,SAVIGNY SUR ORGE,91600,91,A améliorer,2025-12-09
SPICE VILLAGE,15 GRANDE RUE,SAVIGNY-SUR-ORGE,91600,91,A améliorer,2025-10-31
BELLA VITA,40 RUE VIGIER,SAVIGNY-SUR-ORGE,91600,91,A améliorer,2025-10-31
L'effet boeuf,106 BD ARISTIDE BRIAND,SAVIGNY-SUR-ORGE,91600,91,A améliorer,2026-01-30
SARL PASSION PIZZA,154 BOULEVARD ARISTIDE BRIAND,SAVIGNY-SUR-ORGE,91600,91,A améliorer,2026-01-30
LE PETIT CREOLE,54 BD ARISTIDE BRIAND,SAVIGNY-SUR-ORGE,91600,91,A améliorer,2025-10-23
ALL IN,90 BOULEVARD ARISTIDE BRIAND,SAVIGNY-SUR-ORGE,91600,91,A améliorer,2025-10-23
SUSHI BENTO EXPRESS,122 AVENUE GABRIEL PERI,STE GENEVIEVE DES BOIS,91700,91,A améliorer,2026-01-15
SAKURA,70 T RTE DE CORBEIL,VILLEMOISSON SUR ORGE,91360,91,A améliorer,2025-11-07
WOODIZ,21 RUE PASTEUR,VIRY CHATILLON,91170,91,A améliorer,2025-12-19
DIM SUM KMAROSUSHI,44 PL MARTYRS CHATEAUBRIAND,VIRY-CHATILLON,91170,91,A améliorer,2025-12-09
MANGIA,1 AV DU DOCTEUR TENINE,ANTONY,92160,92,A améliorer,2026-01-13
PIZZA SERVICE,86 AVENUE DE LA DIVISION LECLERC,ANTONY,92160,92,A améliorer,2026-01-14
RAJASTHAN,162 AV DU PRESIDENT J F KENNEDY,ANTONY,92160,92,A améliorer,2025-10-24
EHPAD MAISON DE RETRAITE AULAGNIER,30  RUE AUGUSTE BAILLY,ASNIERES SUR SEINE,92600,92,A améliorer,2025-11-13
CROUSTY GAME BAGNEUX,230 AVENUE ARISTIDE BRIAND,BAGNEUX,92220,92,A améliorer,2025-12-26
TRAITEUR SUM FA,51 RUE DES BOURGUIGNONS,BOIS COLOMBES,92270,92,A améliorer,2025-04-04
CAFE BENJAMIN,12 PL DE LA RENAISSANCE,BOIS-COLOMBES,92270,92,A améliorer,2026-01-09
TIPAZA,48 RUE DU POINT DU JOUR,BOULOGNE BILLANCOURT,92100,92,A améliorer,2025-10-31
ASS MAIMONIDE ECOLE RAMBAM,"11, rue des Abondances",BOULOGNE BILLANCOURT,92100,92,A améliorer,2025-11-06
TRAITEUR SHANGHAI,44 RUE ESCUDIER,BOULOGNE BILLANCOURT,92100,92,A améliorer,2026-02-05
TASTY CROUSTY,77 ALLEE DU FORUM,BOULOGNE-BILLANCOURT,92100,92,A améliorer,2026-01-28
Ô-NEM V,49 RUE DU POINT DU JOUR,BOULOGNE-BILLANCOURT,92100,92,A améliorer,2026-01-26
SERAIL RESTAURANT,94 AV DU GENERAL LECLERC,BOURG LA REINE,92340,92,A améliorer,2026-01-19
BABILOU BOURG-LA-REINE LECLERC,23 AV DU GENERAL LECLERC,BOURG-LA-REINE,92340,92,A améliorer,2025-09-08
KORIAN CASTEL VOLTAIRE,17 AVENUE DE LA DIVISION LECLERC,CHATILLON,92320,92,A améliorer,2026-01-15
LE KATAPLANA,LE KATAPLANA,CHATILLON,92320,92,A corriger de manière urgente,2025-07-22
LE PALAIS DE MAHARAJAH,2049 AV ROGER SALENGRO,CHAVILLE,92370,92,A améliorer,2025-11-27
L'EMERAUDE,12 PL DU PANORAMA,CLAMART,92140,92,A améliorer,2025-03-13
MEISTER,15 RUE DE L ANCIENNE MAIRIE,CLICHY,92110,92,A améliorer,2026-01-22
ROJI ROLLS SUSHI,3 RUE VILLENEUVE,CLICHY,92110,92,A améliorer,2026-01-26
ORGANISME GESTION ECOLE JEANNE D'ARC,9 BD DE VALMY,COLOMBES,92700,92,A améliorer,2025-12-16
ORGANISME GESTION ECOLE JEANNE D'ARC,9 BD DE VALMY,COLOMBES,92700,92,A améliorer,2025-12-16
JIPI II,2 AVENUE DE LA TOUR D AUVERGNE,COLOMBES,92700,92,A améliorer,2026-02-02
ATLANTA BURGER,324 RUE GABRIEL PERI,COLOMBES,92700,92,A améliorer,2026-01-28
YOURAN,9 AV D ORGEMONT,COLOMBES,92700,92,A améliorer,2026-01-14
CH SITE DE COURBEVOIE,30 RUE KILFORD,COURBEVOIE,92400,92,A améliorer,2025-11-25
JAPAN SAKURA,107 RUE DE BUZENVAL,GARCHES,92380,92,A améliorer,2026-01-13
SOCIETE D'EXPLOITATION HOTELIERE PARIS GENNEVILLIERS,26 BD LOUISE MICHEL,GENNEVILLIERS,92230,92,A améliorer,2025-09-24
LE MOULIN D'ISSY,LE MOULIN D ISSY,ISSY LES MOULINEAUX,92130,92,A améliorer,2025-12-17
AU VIEUX MARRONNIER,30 RUE JEAN PIERRE TIMBAUD,ISSY LES MOULINEAUX,92130,92,A améliorer,2026-01-20
LA CAVE A MANGER,84 AVENUE DE L EUROPE,LA GARENNE COLOMBES,92250,92,A améliorer,2026-01-13
ECOLE PRIMAIRE BUFFON,45 RUE CAMILLE PELLETAN,LEVALLOIS PERRET,92300,92,A améliorer,2025-12-22
BUDDIE'S,18 AV DE L EUROPE,LEVALLOIS PERRET,92300,92,A améliorer,2026-02-05
HOPITAL FRANCO BRITANNIQUE,4 RUE KLEBER,LEVALLOIS PERRET,92300,92,A améliorer,2025-11-06
11H59,155 RUE ANATOLE FRANCE,LEVALLOIS-PERRET,92300,92,A améliorer,2026-01-12
11H59,155 RUE ANATOLE FRANCE,LEVALLOIS-PERRET,92300,92,A améliorer,2026-01-12
11H59,155 RUE ANATOLE FRANCE,LEVALLOIS-PERRET,92300,92,A améliorer,2026-01-12
DOMITYS LE 225,89 RUE MARIUS AUFAN,LEVALLOIS-PERRET,92300,92,A améliorer,2025-12-23
LA KAZDALERIE,79 RUE LOUISE MICHEL,LEVALLOIS-PERRET,92300,92,A améliorer,2025-12-17
KB LOUNGE,172 AVENUE PIERRE BROSSOLETTE,MALAKOFF,92240,92,A améliorer,2025-11-14
LE GABRI'EL,126 BD GABRIEL PERI,MALAKOFF,92240,92,A améliorer,2025-12-12
RESTAURANT LA FAISANDERIE,ALL DE CHAMILLARD,MARNES-LA-COQUETTE,92430,92,A améliorer,2026-01-29
MAISON DE SANTE DE BELLEVUE,8 AVENUE DU 11 NOVEMBRE 1918,MEUDON,92190,92,A améliorer,2025-12-17
MAISON DE SANTE DE BELLEVUE,8 AVENUE DU 11 NOVEMBRE 1918,MEUDON,92190,92,A améliorer,2025-12-17
MANGIA,2 RUE CAMILLE PELLETAN,MONTROUGE,92120,92,A améliorer,2026-01-23
SLICE N SMASH,1 AVENUE VERDIER,MONTROUGE,92120,92,A améliorer,2025-12-04
FONDATION PARTAGE ET VIE,75 RUE DES VIGNES,NANTERRE,92000,92,A améliorer,2025-10-23
MERCI JEROME,23 rue des peupliers,NANTERRE,92000,92,A améliorer,2026-01-12
BABA FOOD,135 AVENUE PABLO PICASSO,NANTERRE,92000,92,A améliorer,2025-12-03
PIZZA VENEZIA,97 RUE DES TROIS FONTANOT,NANTERRE,92000,92,A améliorer,2026-01-22
L'ATELIER SUR LA BRAISE,430 AVENUE DE LA REPUBLIQUE,NANTERRE,92000,92,A améliorer,2026-01-05
UNIVERSITE PARIS NANTERRE,"200, avenue de la République",NANTERRE,92000,92,A améliorer,2025-12-02
COSY SUSHIS,5 RUE BAILLY,NEUILLY SUR SEINE,92200,92,A améliorer,2026-01-23
ASSOCIATION NOTRE DAME,46 AV DU ROULE,NEUILLY SUR SEINE,92200,92,A améliorer,2026-02-02
EHPAD MAISON DE RETRAITE SOYER,3 RUE SOYER,NEUILLY-SUR-SEINE,92200,92,A améliorer,2025-03-19
AMIRAL,2 RUE VICTOR HUGO,PUTEAUX,92800,92,A améliorer,2025-11-13
LA LANTERNE,RONT-POINT DE LA BALUSTRADE LE PARC DE ST CLOUD,SAINT CLOUD,92210,92,A améliorer,2025-10-17
LUCKY BAO,15 GRANDE RUE,SEVRES,92310,92,A améliorer,2025-11-20
A PONTE,23 BD HENRI SELLIER,SURESNES,92150,92,A améliorer,2026-01-28
CHEZ PAILINE,14 RUE ETIENNE DOLET,SURESNES,92150,92,A améliorer,2026-01-28
MAISON DE RETRAITE DE SURESNES,25 ROUTE DES FUSILLES DE LA RESISTANCE,SURESNES,92150,92,A améliorer,2025-11-20
AUX SPORTIFS,51 RUE SADI CARNOT,VANVES,92170,92,A améliorer,2026-01-30
LA SAVANE,7 IMPASSE ORLEANAISE,AULNAY SOUS BOIS,93600,93,A corriger de manière urgente,2025-12-11
OMEGA 93,171 AVENUE JEAN JAURES,BOBIGNY,93000,93,A améliorer,2025-07-30
EHPAD HECTOR BERLIOZ,12 RUE HECTOR BERLIOZ,BOBIGNY,93000,93,A améliorer,2025-10-13
SARL PUKO,27 RUE AUGUSTE POLISSARD,BONDY,93140,93,A améliorer,2026-01-14
BOUCHERIE LEON BLUM,26 AV LEON BLUM,BONDY,93140,93,A améliorer,2025-07-17
CHICK' N CHOC,2 AV HENRI VARAGNAT,BONDY,93140,93,A corriger de manière urgente,2026-01-14
DARE WOK,46 AVENUE HENRI BARBUSSE,DRANCY,93700,93,A améliorer,2025-06-23
COLLEGE JORISSEN,48 AV DES MARTYRS DE CHATEAUBR.,DRANCY,93700,93,A améliorer,2025-11-25
PYRAMIDE 1,209 ROUTE DE SAINT-LEU,EPINAY-SUR-SEINE,93800,93,A améliorer,2025-07-03
FOOD DE RUE,209 ROUTE DE SAINT-LEU,EPINAY-SUR-SEINE,93800,93,A corriger de manière urgente,2026-01-30
START EVENT,43 RUE CHABROL,LA COURNEUVE,93120,93,A corriger de manière urgente,2025-05-06
P.S.M. ENTERPRISES SAS,2 AVENUE PAUL VAILLANT COUTURIER,LE BLANC MESNIL,93150,93,A améliorer,2025-05-12
LA CANTINE,32 RUE DU COLONEL MOLL,LE BOURGET,93350,93,A améliorer,2025-05-28
KGY FOOD,7 AV DU BELVEDERE,LE PRE-SAINT-GERVAIS,93310,93,A améliorer,2025-06-07
CROUSTI POULET,11 AV THIERS,LE RAINCY,93340,93,A améliorer,2025-12-18
GB LILAS,4 AV FAIDHERBE,LES LILAS,93260,93,A améliorer,2025-11-06
MADRAS CAFE,15 avenue de chanzy,LES PAVILLONS SOUS BOIS,93320,93,A corriger de manière urgente,2025-06-25
VULCANO PIZZA,19 Place de la Libération,LIVRY GARGAN,93190,93,A améliorer,2025-11-14
ISTANBUL,21 BD EDOUARD VAILLANT,LIVRY GARGAN,93190,93,A améliorer,2025-11-23
ENJOY THAÏ,27 RUE HENRI BARBUSSE,MONTFERMEIL,93370,93,A améliorer,2025-12-11
BEST PIZZA,14 BOULEVARD ARISTIDE BRIAND,MONTREUIL,93100,93,A améliorer,2025-10-13
MIX FOOD,127 BOULEVARD DE CHANZY,MONTREUIL,93100,93,A améliorer,2025-10-01
CHICKEN STREET,162 BD DE LA BOISSIERE,MONTREUIL,93100,93,A améliorer,2025-06-25
JAM'Z MONTREUIL,21 RUE DU CAPITAINE DREYFUS,MONTREUIL,93100,93,A améliorer,2025-12-09
ROYAL CHAPATI,163 RUE DE PARIS,MONTREUIL,93100,93,A améliorer,2025-05-23
CHADOK MONTREUIL,107 RUE DE PARIS,MONTREUIL,93100,93,A améliorer,2025-05-05
KARACHI BIRYANI,34 avenue du président Salavador Allende,MONTREUIL,93100,93,A corriger de manière urgente,2025-11-05
IVOIRE-RESTOS,34 AV PDT SALVADOR ALLENDE,MONTREUIL,93100,93,A corriger de manière urgente,2025-11-05
TIE A GOGO,34 avenue du Président Salvador ALLENDE,MONTREUIL,93100,93,A corriger de manière urgente,2025-11-05
GROUPEMENT DE COOPERATION SOCIALE EDUQ,125 AV DU MARECHAL LECLERC,NEUILLY SUR MARNE,93330,93,A améliorer,2025-09-09
ELRES,7 AVENUE DES GRAVIERS,NOISY LE GRAND,93160,93,A améliorer,2025-10-02
NAYA,ZI LES RICHARDETS,NOISY LE GRAND,93160,93,A améliorer,2025-07-08
AARADHYA,190 B RUE DE PARIS,NOISY-LE-SEC,93130,93,A améliorer,2025-09-12
CH DELAFONTAINE,OFFICE MEDECINE INTERNE 7EME ETA,Non Renseigné,000NR,93,A améliorer,2025-07-09
BURCHI'S,36 RUE DELIZY,PANTIN,93500,93,A corriger de manière urgente,2025-09-02
RESTO HADDA,32 AV JEAN JAURES,PANTIN,93500,93,A corriger de manière urgente,2025-10-22
CHEZ BR,85 BD HENRI BARBUSSE,ROMAINVILLE,93230,93,A améliorer,2025-09-24
AMZ,17 RUE DU GENERAL LECLERC,ROSNY SOUS BOIS,93110,93,A améliorer,2025-04-02
AU SOLEIL D'OR,10 RUE DE LA BOULANGERIE,SAINT-DENIS,93200,93,A améliorer,2025-11-04
CHEZ L'ANCIEN,1 AV ROGER SEMAT,SAINT-DENIS,93200,93,A améliorer,2026-01-12
MARCEL,33 AVENUE JULES RIMET,SAINT-DENIS,93200,93,A améliorer,2025-11-22
2KL FLOREAL,1 RUE HAYDN,SAINT-DENIS,93200,93,A améliorer,2026-01-12
MAJAZ,PASSAGE DE L'AQUEDUC,SAINT-DENIS,93200,93,A améliorer,2026-01-08
ETOILE DU CAP VERT,12 RUE CRISTINO GARCIA,SAINT-DENIS,93210,93,A améliorer,2025-11-05
LOS HARMANOS,28 RUE DE LA REPUBLIQUE,SAINT-DENIS,93200,93,A améliorer,2026-01-15
LE CAFE DE FRANCE,16 PLACE DU CAQUET,SAINT-DENIS,93200,93,A améliorer,2026-01-29
AK&LR,158 AVENUE DU PRESIDENT WILSON,SAINT-DENIS,93210,93,A améliorer,2025-10-30
RUZGAR,2 AV LOUIS MENARD,SEVRAN,93270,93,A améliorer,2026-01-20
COMME A LA MAISON,62 AV DE LIVRY,SEVRAN,93270,93,A améliorer,2026-01-15
SARL LES ARTS,6 RUE DE LA BOULANGERIE,ST DENIS,93200,93,A améliorer,2025-11-05
IVOIRE GOURMAND,1 QUAI DU PORT,ST DENIS,93200,93,A améliorer,2025-11-18
LE NEUF 3,69 RUE DE STRASBOURG,ST DENIS,93200,93,A améliorer,2026-01-28
LE SAO,24 RUE JEAN JAURES,ST DENIS,93200,93,A améliorer,2026-01-19
LE BARATHEON,1 AVENUE ROMAIN ROLLAND,ST DENIS,93200,93,A améliorer,2026-01-22
LES DELICES,5 AVENUE FRANCOIS MITTERRAND,ST DENIS,93210,93,A améliorer,2025-11-17
M'HAJBI,133 RUE GABRIEL PERI,ST DENIS,93200,93,A améliorer,2026-01-23
STARFOOD,3 B PL DU CAQUET,ST DENIS,93200,93,A améliorer,2026-01-08
RESIDENCE LES TROIS RIVIERES,MAIL DES TROIS RIVIERES,STAINS,93240,93,A améliorer,2025-11-13
NUSHA,30 RUE DES BUISSONS,TREMBLAY EN FRANCE,93290,93,A améliorer,2025-09-05
SAVEURS,9 RUE GIFFARD,VAUJOURS,93410,93,A améliorer,2025-03-27
POP'S,RUE DU PARC,VILLEPINTE,93420,93,A améliorer,2025-11-21
HOPITAL SAINTE MARIE,"28, RUE DE L'EGLISE",VILLEPINTE,93420,93,A améliorer,2025-06-18
PADRINO PIZZA,24 AVENUE BARBES,VILLEPINTE,93420,93,A améliorer,2025-06-25
ASS DU PAYS DE FRANCE ET DE L'AULNOYE,"13, chemin de Savigny",VILLEPINTE,93420,93,A améliorer,2026-01-21
EMMA CIAO,172 RUE PAUL VAILLANT COUTURIER,ALFORTVILLE,94140,94,A améliorer,2025-10-28
CHATEAU BEYROUTH,36 RUE ETIENNE DOLET,ALFORTVILLE,94140,94,A améliorer,2026-01-15
L'ESCALE,31 AVENUE LAPLACE,ARCUEIL,94110,94,A améliorer,2026-02-02
LE 200,200 BD PASTEUR,BRY-SUR-MARNE,94360,94,A améliorer,2025-12-04
O'TASTY,7 AVENUE DU PRESIDENT WILSON,CACHAN,94230,94,A améliorer,2026-02-04
NORA PARIS,6 RUE DE LA GRANGE ORY,CACHAN,94230,94,A améliorer,2026-02-06
CHICKENVILLE,34 RUE LOUIS TALAMONI,CHAMPIGNY SUR MARNE,94500,94,A améliorer,2025-12-09
AFRIKAN BROCHETTE,8 AVENUE DE LA REPUBLIQUE,CHAMPIGNY-SUR-MARNE,94500,94,A améliorer,2026-01-14
LES DUNES BY PARIS,31 AV SALVADOR ALLENDE,CHAMPIGNY-SUR-MARNE,94500,94,A améliorer,2025-09-24
POULETOS BRAISÉ,36 RUE LOUIS TALAMONI,CHAMPIGNY-SUR-MARNE,94500,94,A améliorer,2026-01-15
BANGKOK,4 PL DE LA LIBERATION,CHEVILLY LARUE,94550,94,A améliorer,2025-11-24
MAIGA,75 RUE DE FRESNES,CHEVILLY-LARUE,94550,94,A améliorer,2025-07-07
BANGKOK FACTORY CHOISY,57 AV VICTOR HUGO,CHOISY-LE-ROI,94600,94,A améliorer,2026-01-12
POULETOS BRAISE,13 RUE LOUISE MICHEL,CHOISY-LE-ROI,94600,94,A améliorer,2025-10-09
RESTAURANT UNIVERSITAIRE L'AGORA,8 VOIE ANDRE BOULLE,CRETEIL,94000,94,A améliorer,2026-01-19
GOHAN,13 ALLEE PARMENTIER,CRETEIL,94000,94,A améliorer,2025-07-08
RESTAURANT UNIVERSITAIRE LA POINTE JAUNE,61 AVENUE DU GENERAL DE GAULLE,CRETEIL,94000,94,A améliorer,2026-01-28
RESTAURANT UNIVERSITAIRE LA POINTE JAUNE,61 AVENUE DU GENERAL DE GAULLE,CRETEIL,94000,94,A améliorer,2026-01-28
RESTAURANT VALENTON,"10, chemin des bassins",CRETEIL,94000,94,A améliorer,2026-01-27
RESTAURANT UNIVERSITAIRE LA POINTE JAUNE,61 AVENUE DU GENERAL DE GAULLE,CRETEIL,94000,94,A améliorer,2026-01-28
RESTAURANT UNIVERSITAIRE LA POINTE JAUNE,61 AVENUE DU GENERAL DE GAULLE,CRETEIL,94000,94,A améliorer,2026-01-28
IZU SUSHI,21 RUE DU COMMANDANT JEAN DUHAIL,FONTENAY SOUS BOIS,94120,94,A améliorer,2026-02-10
L'ORCHIDEE,DAUPHIN BLEU,FONTENAY SOUS BOIS,94120,94,A améliorer,2025-09-29
ENSAPE CHRS,46 AV ERNEST RENAN,FONTENAY SOUS BOIS,94120,94,A améliorer,2026-01-12
A L'AFRICAINE,219 AVENUE DE LA REPUBLIQUE,FONTENAY-SOUS-BOIS,94120,94,A améliorer,2026-01-28
SAVERUS DU MANDE,19 RUE EMILE ZOLA,FONTENAY-SOUS-BOIS,94120,94,A améliorer,2026-01-29
MILANE,21 BD JEAN JAURES,FRESNES,94260,94,A améliorer,2026-01-23
GASTO'S,186 VOIE DES LAITIERES,FRESNES,94260,94,A améliorer,2026-01-30
BELLA NAPOLI,34 BOULEVARD PASTEUR,FRESNES,94260,94,A améliorer,2026-01-21
COPA 94,111 AV MAURICE THOREZ,IVRY SUR SEINE,94200,94,A améliorer,2026-01-29
ORGANISME DE GESTION D'ENSEIGNEMENT CATHOLIQUE SAINTE MARIE,5 RUE DE L EGLISE,JOINVILLE LE PONT,94340,94,A améliorer,2025-10-07
COLLEGE JEAN CHARCOT,PLACE DU 8 MAI 1945,JOINVILLE LE PONT,94340,94,A améliorer,2025-11-03
LE RUSTIC,151 RUE DE BICETRE,L'HAY-LES-ROSES,94240,94,A améliorer,2025-11-19
BROCHETTES BRAISEES,10 B AVENUE DESCARTES,LIMEIL-BREVANNES,94450,94,A améliorer,2025-11-18
ARPAVIE,17 B RUE PARMENTIER,MAISONS ALFORT,94700,94,A améliorer,2026-01-21
SYJOLY,15 AV DU GENERAL LECLERC,MAISONS-ALFORT,94700,94,A améliorer,2026-01-13
MEAT STEAK HOUSE,2 QUAI FERNAND SAGUET,MAISONS-ALFORT,94700,94,A améliorer,2025-10-23
MNK PARIS,22 RUE DU MARECHAL JUIN,MAISONS-ALFORT,94700,94,A corriger de manière urgente,2026-02-04
NOGENT EXOTIQUE,104 GR CHARLES DE GAULLE,NOGENT SUR MARNE,94130,94,A améliorer,2026-01-19
ECOLE BILINGUE MONTESSORI,80 AV RASPAIL,SAINT MAUR DES FOSSES,94210,94,A corriger de manière urgente,2025-05-16
NOVA KIDS SCHOOL,80 AVENUE RASPAIL,SAINT-MAUR-DES-FOSSES,94100,94,A améliorer,2025-09-04
BUBBLE SHI,98 AVENUE LOUIS BLANC,SAINT-MAUR-DES-FOSSES,94210,94,A améliorer,2025-06-24
SAINT AUGUSTIN,150 AVENUE DU GENERAL LECLERC,SAINT-MAUR-DES-FOSSES,94100,94,A corriger de manière urgente,2026-01-20
OKAYAMA,1-11 AVENUE RENE PANHARD,THIAIS,94320,94,A corriger de manière urgente,2025-04-03
COLLEGE LOUIS PASTEUR,50 RUE PASTEUR,VILLEJUIF,94800,94,A améliorer,2025-06-04
LE VESUVE PIZZA,157 AV DE PARIS,VILLEJUIF,94800,94,A améliorer,2026-01-16
ROYAL PIZZAS,59 RUE DE PARIS,VILLENEUVE ST GEORGES,94190,94,A améliorer,2026-02-05
LE VIBZ,4 AV DE MELUN,VILLENEUVE-SAINT-GEORGES,94190,94,A améliorer,2025-12-08
TAJ MAHAL,37 RTE DE BRY,VILLIERS SUR MARNE,94350,94,A améliorer,2025-04-04
LA CASE D'ALIEFE,94 AV PAUL VAILLANT-COUTURIER,VITRY SUR SEINE,94400,94,A améliorer,2026-01-27
EHPAD LES LILAS,70 RUE DES CARRIERES,VITRY SUR SEINE,94400,94,A améliorer,2026-02-03
MESK ELLIL,139 BOULEVARD DE STALINGRAD,VITRY-SUR-SEINE,94400,94,A corriger de manière urgente,2025-11-06
EDF GDF,1  rue Aristide Briand,ANDILLY,95580,95,A améliorer,2025-07-09
RAHMAT,83 RUE PAUL VAILLANT COUTURIER,ARGENTEUIL,95100,95,A améliorer,2025-03-11
O'58,58 B RUE DU LIEUTENANT CD PRUDHON,ARGENTEUIL,95100,95,A améliorer,2025-09-08
SHUNDA,9 RUE ANTONIN GEORGES BELIN,ARGENTEUIL,95100,95,A améliorer,2025-10-29
CROUSTY GAME,80 RUE PAUL VAILLANT COUTURIER,ARGENTEUIL,95100,95,A améliorer,2026-01-13
G LA DALLE,RTE ENGHIEN,ARGENTEUIL,95100,95,A améliorer,2026-01-26
BOLLYWOOD CAFE,13 RUE DEFRESNE BAST,ARGENTEUIL,95100,95,A corriger de manière urgente,2025-04-01
NOUVELLE SAVEUR,15 RUE NOTRE DAME DE LORETTE,ARNOUVILLE,95400,95,A améliorer,2025-05-21
CENTRE PSYCHOTERAPEUTIQUE LES OLIVIERS,RTE DE NOISY,BEAUMONT-SUR-OISE,95260,95,A améliorer,2025-06-16
LORENZO'S,PL DES ACACIAS,BERNES-SUR-OISE,95340,95,A améliorer,2025-09-02
GT BEZONS,1 MAIL MARTIN LUTHER KING,BEZONS,95870,95,A améliorer,2026-01-19
CHICKEN SOSO,25 RUE LUCIEN SAMPAIX,BEZONS,95870,95,A améliorer,2025-09-08
SBA,3 RUE DE MORANGLES,BRUYERES-SUR-OISE,95820,95,A améliorer,2025-05-12
LUNICCO,RUE DE LA CROIX DES MAHEUX,CERGY,95000,95,A améliorer,2025-11-05
AFRIK 95,12 SQUARE COLUMBIA,CERGY,95000,95,A améliorer,2025-11-13
HILO BOWLS,26 RUE DES GALERIES,CERGY,95000,95,A améliorer,2025-11-13
ELEPHANT BASILIC THAI,ZAC DES BOIS ROCHEFORT,CORMEILLES EN PARISIS,95240,95,A améliorer,2025-11-17
FONDATION CHABRAN-THIBAULT,48 rue Aristide Briand,CORMEILLES EN PARISIS,95240,95,A améliorer,2025-11-14
METNER,91 RUE DU GENERAL LECLERC,EAUBONNE,95600,95,A améliorer,2026-01-05
MAC CHICKEN,8 RUE DU DEPART,ENGHIEN-LES-BAINS,95880,95,A améliorer,2026-01-22
WORLD AVENUE,RUE DE LA FAUVETTE,ERAGNY SUR OISE,95610,95,A améliorer,2026-01-27
SEUIL,13 RUE PERRIN MARECHAL,GARGES LES GONESSE,95140,95,A améliorer,2025-05-14
100 SUSHI,1 AVENUE GEORGES POMPIDOU,GONESSE,95500,95,A améliorer,2025-12-03
AL CROISSAN/TERIE,AL CROISSANTERIE,GOUSSAINVILLE,95190,95,A améliorer,2025-06-04
O TACOS,1 AVENUE ALBERT SARRAUT,GOUSSAINVILLE,95190,95,A améliorer,2026-01-08
LE CIEL D'ISTANBUL,100 BOULEVARD D'ECANCOURT,JOUY-LE-MOUTIER,95280,95,A améliorer,2025-11-07
PIZZA TIME,Pizzeria bât B 114 blvd Ecancourt,JOUY-LE-MOUTIER,95280,95,A améliorer,2025-12-05
POKE & NOODLE BOWL,65 BOULEVARD D'ECANCOURT,JOUY-LE-MOUTIER,95280,95,A améliorer,2025-10-22
WILYVI,16 PL DU PATIS,L ISLE ADAM,95290,95,A améliorer,2025-10-21
SUSHI TOP,6 RUE DES ARPENTS,LOUVRES,95380,95,A améliorer,2025-07-15
NOEMIE CREPE,5 RUE DU CERF,LUZARCHES,95270,95,A améliorer,2025-11-26
PARIS MAZARIN TRAITEUR,4 RUE DE LA METAIRIE,MARINES,95640,95,A améliorer,2025-03-14
AU 2 SAINT,2 RUE SAINT JACQUES,MONTMORENCY,95160,95,A améliorer,2025-06-05
KEBAB FOOD,106 AV DE DOMONT,MONTMORENCY,95160,95,A améliorer,2025-12-17
HF,CENTRE COMMERCIAL DES CLOTTINS,MONTSOULT,95560,95,A améliorer,2025-10-28
PEPERONCINO,1 RUE JOSEPH CORNUDET,NEUVILLE-SUR-OISE,95000,95,A améliorer,2025-12-12
LA HOUSE,64 AV GASTON VERMEIRE,PERSAN,95340,95,A améliorer,2025-05-06
R SUSHI,RUE SUSHI,PERSAN,95340,95,A améliorer,2025-12-17
MY SUSHI SAVEURS D'ASIE,109 AV JACQUES VOGT,PERSAN,95340,95,A améliorer,2025-12-17
LA CANTINE LIBANAISE KITCHEN,16 RUE AMPERE,PONTOISE,95300,95,A améliorer,2025-10-15
O'TWIST,35 RUE DE GISORS,PONTOISE,95300,95,A améliorer,2025-12-18
FAIT MAISON,35 RUE FONTAINE,PONTOISE,95300,95,A améliorer,2025-12-29
SWEET N POKE,16 RUE DE L'HOTEL DE VILLE,PONTOISE,95300,95,A améliorer,2026-01-20
ZENITUDE HOTEL & RESIDENCES ROISSY CHARLES DE GAULLE,8 ALL DU VERGER,ROISSY-EN-FRANCE,95700,95,A corriger de manière urgente,2025-03-18
ZENITUDE HOTEL & RESIDENCES ROISSY CHARLES DE GAULLE,8 ALL DU VERGER,ROISSY-EN-FRANCE,95700,95,A corriger de manière urgente,2025-03-18
SAKURA,16 AV DU GENERAL LECLERC,SAINT-PRIX,95390,95,A améliorer,2025-10-28
MICROSTARS,22 AVENUE DU CLOS RENAUD,SOISY SOUS MONTMORENCY,95230,95,A améliorer,2026-01-22
OFFSIDE,LA CHAPELLE SAINT NICOLAS,ST BRICE SOUS FORET,95350,95,A améliorer,2025-12-10
AMREST OPCO - ST BRICE,angle rb 1/cd125 sentier chapelle saint nicolas,ST BRICE SOUS FORET,95350,95,A améliorer,2026-01-19
LES JARDINS D' IROISE DE SAINT GRATIEN,45-57 BOULEVARD PASTEUR,ST GRATIEN,95210,95,A corriger de manière urgente,2025-04-11
ARPAVIE,238 RUE DE PARIS,TAVERNY,95150,95,A améliorer,2025-08-06
LE 20 RESTAURANT,20 AVENUE DE LA GARE,TAVERNY,95150,95,A améliorer,2025-11-26
LE FACTORY,100 BD DE L OISE,VAUREAL,95490,95,A améliorer,2025-10-29
ISTANBUL KEBAB,PLACE BERLIOZ,VILLIERS LE BEL,95400,95,A améliorer,2026-01-20
ERDEM,136 AV PIERRE SEMARD,VILLIERS-LE-BEL,95400,95,A améliorer,2026-01-06
CH-E,104 AV PIERRE SEMARD,VILLIERS-LE-BEL,95400,95,A améliorer,2025-08-28
